pin,TFBGA240_ball,TFBGA240_note,io_structure,AF0,AF1,AF2,AF3,AF4,AF5,AF6,AF7,AF8,AF9,AF10,AF11,AF12,AF13,AF14,AF15,additional_functions,ds_page
PA0,N5,3,FT_a,,TIM2_CH1/TIM2_ETR,TIM5_CH1,TIM8_ETR,TIM15_BKIN,,,USART2_CTS/USART2_NSS,UART4_TX,SDMMC2_CMD,SAI2_SD_B,ETH_MII_CRS,,,,EVENTOUT,"ADC1_INP16, WKUP1",89
PA1,N4,3,FT_h a,,TIM2_CH2,TIM5_CH2,LPTIM3_OUT,TIM15_CH1N,,,USART2_RTS/USART2_DE,UART4_RX,QUADSPI_BK1_IO3,SAI2_MCLK_B,ETH_MII_RX_CLK/ETH_RMII_REF_CLK,,,LCD_R2,EVENTOUT,"ADC1_INN16, ADC1_INP17",89
PA2,N3,,FT_a,,TIM2_CH3,TIM5_CH3,LPTIM4_OUT,TIM15_CH1,,,USART2_TX,SAI2_SCK_B,,,ETH_MDIO,MDIOS_MDIO,,LCD_R1,EVENTOUT,"ADC12_INP14, WKUP2",89
PA3,U2,,FT_h a,,TIM2_CH4,TIM5_CH4,LPTIM5_OUT,TIM15_CH2,,,USART2_RX,,LCD_B2,OTG_HS_ULPI_D0,ETH_MII_COL,,,LCD_B5,EVENTOUT,ADC12_INP15,89
PA4,U3,,TT_a,D1PWREN,,TIM5_ETR,,,SPI1_NSS/I2S1_WS,SPI3_NSS/I2S3_WS,USART2_CK,SPI6_NSS,,,,OTG_HS_SOF,DCMI_HSYNC,LCD_VSYNC,EVENTOUT,"ADC12_INP18, DAC1_OUT1",89
PA5,T3,,TT_h a,D2PWREN,TIM2_CH1/TIM2_ETR,,TIM8_CH1N,,SPI1_SCK/I2S1_CK,,,SPI6_SCK,,OTG_HS_ULPI_CK,,,,LCD_R4,EVENTOUT,"ADC12_INN18, ADC12_INP19, DAC1_OUT2",89
PA6,R3,,FT_a,,TIM1_BKIN,TIM3_CH1,TIM8_BKIN,,SPI1_MISO/I2S1_SDI,,,SPI6_MISO,TIM13_CH1,TIM8_BKIN_COMP12,MDIOS_MDC,TIM1_BKIN_COMP12,DCMI_PIXCLK,LCD_G2,EVENTOUT,ADC12_INP3,89
PA7,R5,,TT_a,,TIM1_CH1N,TIM3_CH2,TIM8_CH1N,,SPI1_MOSI/I2S1_SDO,,,SPI6_MOSI,TIM14_CH1,,ETH_MII_RX_DV/ETH_RMII_CRS_DV,FMC_SDNWE,,,EVENTOUT,"ADC12_INN3, ADC12_INP7, OPAMP1_VINM",89
PA8,E15,,FT_fh a,MCO1,TIM1_CH1,HRTIM_CHB2,TIM8_BKIN2,I2C3_SCL,,,USART1_CK,,,OTG_FS_SOF,UART7_RX,TIM8_BKIN2_COMP12,LCD_B3,LCD_R6,EVENTOUT,-,89
PA9,D15,,FT_u,,TIM1_CH2,HRTIM_CHC1,LPUART1_TX,I2C3_SMBA,SPI2_SCK/I2S2_CK,,USART1_TX,,,,ETH_TX_ER,,DCMI_D0,LCD_R5,EVENTOUT,OTG_FS_VBUS,89
PA10,D14,,FT_u,,TIM1_CH3,HRTIM_CHC2,LPUART1_RX,,,,USART1_RX,,,OTG_FS_ID,MDIOS_MDIO,LCD_B4,DCMI_D1,LCD_B1,EVENTOUT,-,89
PA11,E17,,FT_u,,TIM1_CH4,HRTIM_CHD1,LPUART1_CTS,,SPI2_NSS/I2S2_WS,UART4_RX,USART1_CTS/USART1_NSS,,FDCAN1_RX,OTG_FS_DM,,,,LCD_R4,EVENTOUT,-,89
PA12,E16,,FT_u,,TIM1_ETR,HRTIM_CHD2,LPUART1_RTS/LPUART1_DE,,SPI2_SCK/I2S2_CK,UART4_TX,USART1_RTS/USART1_DE,SAI2_FS_B,FDCAN1_TX,OTG_FS_DP,,,,LCD_R5,EVENTOUT,-,90
PA13,C15,,FT,JTMS-SWDIO,,,,,,,,,,,,,,,EVENTOUT,-,90
PA14,B14,,FT,JTCK-SWCLK,,,,,,,,,,,,,,,EVENTOUT,-,90
PA15,A14,,FT,JTDI,TIM2_CH1/TIM2_ETR,HRTIM_FLT1,,CEC,SPI1_NSS/I2S1_WS,SPI3_NSS/I2S3_WS,SPI6_NSS,UART4_RTS/UART4_DE,,,UART7_TX,,,,EVENTOUT,-,90
PB0,U5,,FT_a,,TIM1_CH2N,TIM3_CH3,TIM8_CH2N,,,DFSDM1_CKOUT,,UART4_CTS,LCD_R3,OTG_HS_ULPI_D1,ETH_MII_RXD2,,,LCD_G1,EVENTOUT,"ADC12_INN5, ADC12_INP9, OPAMP1_VINP, COMP1_INP",90
PB1,T5,,TT_a,,TIM1_CH3N,TIM3_CH4,TIM8_CH3N,,,DFSDM1_DATIN1,,,LCD_R6,OTG_HS_ULPI_D2,ETH_MII_RXD3,,,LCD_G0,EVENTOUT,"ADC12_INP5, COMP1_INM",90
PB2,R6,,FT_h a,RTC_OUT,,SAI1_D1,,DFSDM1_CKIN1,,SAI1_SD_A,SPI3_MOSI/I2S3_SDO,SAI4_SD_A,QUADSPI_CLK,SAI4_D1,ETH_TX_ER,,,,EVENTOUT,COMP1_INP,90
PB3,C6,,FT,JTDO/TRACESWO,TIM2_CH2,HRTIM_FLT4,,,SPI1_SCK/I2S1_CK,SPI3_SCK/I2S3_CK,,SPI6_SCK,SDMMC2_D2,CRS_SYNC,UART7_RX,,,,EVENTOUT,-,90
PB4,B7,,FT,NJTRST,TIM16_BKIN,TIM3_CH1,HRTIM_EEV6,,SPI1_MISO/I2S1_SDI,SPI3_MISO/I2S3_SDI,SPI2_NSS/I2S2_WS,SPI6_MISO,SDMMC2_D3,,UART7_TX,,,,EVENTOUT,-,90
PB5,A5,,FT,,TIM17_BKIN,TIM3_CH2,HRTIM_EEV7,I2C1_SMBA,SPI1_MOSI/I2S1_SDO,I2C4_SMBA,SPI3_MOSI/I2S3_SDO,SPI6_MOSI,FDCAN2_RX,OTG_HS_ULPI_D7,ETH_PPS_OUT,FMC_SDCKE1,DCMI_D10,UART5_RX,EVENTOUT,-,90
PB6,B5,,FT_f,,TIM16_CH1N,TIM4_CH1,HRTIM_EEV8,I2C1_SCL,CEC,I2C4_SCL,USART1_TX,LPUART1_TX,FDCAN2_TX,QUADSPI_BK1_NCS,DFSDM1_DATIN5,FMC_SDNE1,DCMI_D5,UART5_TX,EVENTOUT,-,90
PB7,C5,,FT_fa,,TIM17_CH1N,TIM4_CH2,HRTIM_EEV9,I2C1_SDA,,I2C4_SDA,USART1_RX,LPUART1_RX,,,DFSDM1_CKIN5,FMC_NL,DCMI_VSYNC,,EVENTOUT,PVD_IN,90
PB8,D5,,FT_fh,,TIM16_CH1,TIM4_CH3,DFSDM1_CKIN7,I2C1_SCL,,I2C4_SCL,SDMMC1_CKIN,UART4_RX,FDCAN1_RX,SDMMC2_D4,ETH_MII_TXD3,SDMMC1_D4,DCMI_D6,LCD_B6,EVENTOUT,-,90
PB9,D4,,FT_fh,,TIM17_CH1,TIM4_CH4,DFSDM1_DATIN7,I2C1_SDA,SPI2_NSS/I2S2_WS,I2C4_SDA,SDMMC1_CDIR,UART4_TX,FDCAN1_TX,SDMMC2_D5,I2C4_SMBA,SDMMC1_D5,DCMI_D7,LCD_B7,EVENTOUT,-,90
PB10,P11,,FT_f,,TIM2_CH3,HRTIM_SCOUT,LPTIM2_IN1,I2C2_SCL,SPI2_SCK/I2S2_CK,DFSDM1_DATIN7,USART3_TX,,QUADSPI_BK1_NCS,OTG_HS_ULPI_D3,ETH_MII_RX_ER,,,LCD_G4,EVENTOUT,-,91
PB11,P12,,FT_f,,TIM2_CH4,HRTIM_SCIN,LPTIM2_ETR,I2C2_SDA,,DFSDM1_CKIN7,USART3_RX,,,OTG_HS_ULPI_D4,ETH_MII_TX_EN/ETH_RMII_TX_EN,,,LCD_G5,EVENTOUT,-,91
PB12,T14,,FT_u,,TIM1_BKIN,,,I2C2_SMBA,SPI2_NSS/I2S2_WS,DFSDM1_DATIN1,USART3_CK,,FDCAN2_RX,OTG_HS_ULPI_D5,ETH_MII_TXD0/ETH_RMII_TXD0,OTG_HS_ID,TIM1_BKIN_COMP12,UART5_RX,EVENTOUT,-,91
PB13,U14,,FT_u,,TIM1_CH1N,,LPTIM2_OUT,,SPI2_SCK/I2S2_CK,DFSDM1_CKIN1,USART3_CTS/USART3_NSS,,FDCAN2_TX,OTG_HS_ULPI_D6,ETH_MII_TXD1/ETH_RMII_TXD1,,,UART5_TX,EVENTOUT,OTG_HS_VBU S,91
PB14,U15,,FT_u,,TIM1_CH2N,TIM12_CH1,TIM8_CH2N,USART1_TX,SPI2_MISO/I2S2_SDI,DFSDM1_DATIN2,USART3_RTS/USART3_DE,UART4_RTS/UART4_DE,SDMMC2_D0,,,OTG_HS_DM,,,EVENTOUT,-,91
PB15,T15,,FT_u,RTC_REFIN,TIM1_CH3N,TIM12_CH2,TIM8_CH3N,USART1_RX,SPI2_MOSI/I2S2_SDO,DFSDM1_CKIN2,,UART4_CTS,SDMMC2_D1,,,OTG_HS_DP,,,EVENTOUT,-,91
PC0,L2,,FT_a,,,,DFSDM1_CKIN0,,,DFSDM1_DATIN4,,SAI2_FS_B,,OTG_HS_ULPI_STP,,FMC_SDNWE,,LCD_R5,EVENTOUT,ADC123_INP10,91
PC1,M2,,FT_h a,TRACED0,,SAI1_D1,DFSDM1_DATIN0,DFSDM1_CKIN4,SPI2_MOSI/I2S2_SDO,SAI1_SD_A,,SAI4_SD_A,SDMMC2_CK,SAI4_D1,ETH_MDC,MDIOS_MDC,,,EVENTOUT,"ADC123_INN10 , ADC123_INP11, RTC_TAMP3/W KUP6",91
PC2,M3,3,FT_a,C1DSLEEP,,,DFSDM1_CKIN1,,SPI2_MISO/I2S2_SDI,DFSDM1_CKOUT,,,,OTG_HS_ULPI_DIR,ETH_MII_TXD2,FMC_SDNE0,,,EVENTOUT,"ADC123_INN11 , ADC123_INP12",91
PC3,M4,3,FT_a,C1SLEEP,,,DFSDM1_DATIN1,,SPI2_MOSI/I2S2_SDO,,,,,OTG_HS_ULPI_NXT,ETH_MII_TX_CLK,FMC_SDCKE0,,,EVENTOUT,"ADC12_INN12, ADC12_INP13",91
PC4,T4,,TT_a,C2DSLEEP,,,DFSDM1_CKIN2,,I2S1_MCK,,,,SPDIFRX1_IN3,,ETH_MII_RXD0/ETH_RMII_RXD0,FMC_SDNE0,,,EVENTOUT,"ADC12_INP4, OPAMP1_VOU T, COMP1_INM",91
PC5,U4,,TT_a,C2SLEEP,,SAI1_D3,DFSDM1_DATIN2,,,,,,SPDIFRX1_IN4,SAI4_D3,ETH_MII_RXD1/ETH_RMII_RXD1,FMC_SDCKE0,COMP1_OUT,,EVENTOUT,"ADC12_INN4, ADC12_INP8, OPAMP1_VINM",91
PC6,F14,,FT_h,,HRTIM_CHA1,TIM3_CH1,TIM8_CH1,DFSDM1_CKIN3,I2S2_MCK,,USART6_TX,SDMMC1_D0DIR,FMC_NWAIT,SDMMC2_D6,,SDMMC1_D6,DCMI_D0,LCD_HSYNC,EVENTOUT,SWPMI_IO,92
PC7,F13,,FT_h,TRGIO,HRTIM_CHA2,TIM3_CH2,TIM8_CH2,DFSDM1_DATIN3,,I2S3_MCK,USART6_RX,SDMMC1_D123DIR,FMC_NE1,SDMMC2_D7,SWPMI_TX,SDMMC1_D7,DCMI_D1,LCD_G6,EVENTOUT,-,92
PC8,E13,,FT_h,TRACED1,HRTIM_CHB1,TIM3_CH3,TIM8_CH3,,,,USART6_CK,UART5_RTS/UART5_DE,FMC_NE2/FMC_NCE,,SWPMI_RX,SDMMC1_D0,DCMI_D2,,EVENTOUT,-,92
PC9,E14,,FT_fh,MCO2,,TIM3_CH4,TIM8_CH4,I2C3_SDA,I2S_CKIN,,,UART5_CTS,QUADSPI_BK1_IO0,LCD_G3,SWPMI_SUSPEND,SDMMC1_D1,DCMI_D3,LCD_B2,EVENTOUT,-,92
PC10,A13,,FT_h a,,,HRTIM_EEV1,DFSDM1_CKIN5,,,SPI3_SCK/I2S3_CK,USART3_TX,UART4_TX,QUADSPI_BK1_IO1,,,SDMMC1_D2,DCMI_D8,LCD_R2,EVENTOUT,-,92
PC11,B13,,FT_h,,,HRTIM_FLT2,DFSDM1_DATIN5,,,SPI3_MISO/I2S3_SDI,USART3_RX,UART4_RX,QUADSPI_BK2_NCS,,,SDMMC1_D3,DCMI_D4,,EVENTOUT,-,92
PC12,C12,,FT_h,TRACED3,,HRTIM_EEV2,,,,SPI3_MOSI/I2S3_SDO,USART3_CK,UART5_TX,,,,SDMMC1_CK,DCMI_D9,,EVENTOUT,-,92
PC13,E3,,FT,,,,,,,,,,,,,,,,EVENTOUT,RTC_OUT/RTC _TAMP1/RTC_T S/WKUP4,92
PC14,C2,,FT,,,,,,,,,,,,,,,,EVENTOUT,OSC32_IN,92
PC15,C1,,FT,,,,,,,,,,,,,,,,EVENTOUT,OSC32_OUT,92
PD0,D13,,FT_h,,,,DFSDM1_CKIN6,,,SAI3_SCK_A,,UART4_RX,FDCAN1_RX,,,FMC_D2/FMC_DA2,,,EVENTOUT,-,92
PD1,E12,,FT_h,,,,DFSDM1_DATIN6,,,SAI3_SD_A,,UART4_TX,FDCAN1_TX,,,FMC_D3/FMC_DA3,,,EVENTOUT,-,92
PD2,D12,,FT_h,TRACED2,,TIM3_ETR,,,,,,UART5_RX,,,,SDMMC1_CMD,DCMI_D11,,EVENTOUT,-,92
PD3,B12,,FT_h,,,,DFSDM1_CKOUT,,SPI2_SCK/I2S2_CK,,USART2_CTS/USART2_NSS,,,,,FMC_CLK,DCMI_D5,LCD_G7,EVENTOUT,-,92
PD4,A12,,FT_h,,,HRTIM_FLT3,,,,SAI3_FS_A,USART2_RTS/USART2_DE,,,,,FMC_NOE,,,EVENTOUT,-,92
PD5,A11,,FT_h,,,HRTIM_EEV3,,,,,USART2_TX,,,,,FMC_NWE,,,EVENTOUT,-,93
PD6,B11,,FT_h,,,SAI1_D1,DFSDM1_CKIN4,DFSDM1_DATIN1,SPI3_MOSI/I2S3_SDO,SAI1_SD_A,USART2_RX,SAI4_SD_A,,SAI4_D1,SDMMC2_CK,FMC_NWAIT,DCMI_D10,LCD_B2,EVENTOUT,-,93
PD7,C11,,FT_h,,,,DFSDM1_DATIN4,,SPI1_MOSI/I2S1_SDO,DFSDM1_CKIN1,USART2_CK,,SPDIFRX1_IN1,,SDMMC2_CMD,FMC_NE1,,,EVENTOUT,-,93
PD8,U16,,FT_h,,,,DFSDM1_CKIN3,,,SAI3_SCK_B,USART3_TX,,SPDIFRX1_IN2,,,FMC_D13/FMC_DA13,,,EVENTOUT,-,93
PD9,T17,,FT_h,,,,DFSDM1_DATIN3,,,SAI3_SD_B,USART3_RX,,,,,FMC_D14/FMC_DA14,,,EVENTOUT,-,93
PD10,T16,,FT_h,,,,DFSDM1_CKOUT,,,SAI3_FS_B,USART3_CK,,,,,FMC_D15/FMC_DA15,,LCD_B3,EVENTOUT,-,93
PD11,R15,,FT_h,,,,LPTIM2_IN2,I2C4_SMBA,,,USART3_CTS/USART3_NSS,,QUADSPI_BK1_IO0,SAI2_SD_A,,FMC_A16,,,EVENTOUT,-,93
PD12,R16,,FT_fh,,LPTIM1_IN1,TIM4_CH1,LPTIM2_IN1,I2C4_SCL,,,USART3_RTS/USART3_DE,,QUADSPI_BK1_IO1,SAI2_FS_A,,FMC_A17,,,EVENTOUT,-,93
PD13,R17,,FT_fh,,LPTIM1_OUT,TIM4_CH2,,I2C4_SDA,,,,,QUADSPI_BK1_IO3,SAI2_SCK_A,,FMC_A18,,,EVENTOUT,-,93
PD14,P16,,FT_h,,,TIM4_CH3,,,,SAI3_MCLK_B,,UART8_CTS,,,,FMC_D0/FMC_DA0,,,EVENTOUT,-,93
PD15,P15,,FT_h,,,TIM4_CH4,,,,SAI3_MCLK_A,,UART8_RTS/UART8_DE,,,,FMC_D1/FMC_DA1,,,EVENTOUT,-,93
PE0,C4,,FT_h,,LPTIM1_ETR,TIM4_ETR,HRTIM_SCIN,LPTIM2_ETR,,,,UART8_RX,,SAI2_MCLK_A,,FMC_NBL0,DCMI_D2,,EVENTOUT,-,94
PE1,B4,,FT_h,,LPTIM1_IN2,,HRTIM_SCOUT,,,,,UART8_TX,,,,FMC_NBL1,DCMI_D3,,EVENTOUT,-,94
PE2,C3,,FT_h,TRACECLK,,SAI1_CK1,,,SPI4_SCK,SAI1_MCLK_A,,SAI4_MCLK_A,QUADSPI_BK1_IO2,SAI4_CK1,ETH_MII_TXD3,FMC_A23,,,EVENTOUT,-,94
PE3,D3,,FT_h,TRACED0,,,,TIM15_BKIN,,SAI1_SD_B,,SAI4_SD_B,,,,FMC_A19,,,EVENTOUT,-,94
PE4,D2,,FT_h,TRACED1,,SAI1_D2,DFSDM1_DATIN3,TIM15_CH1N,SPI4_NSS,SAI1_FS_A,,SAI4_FS_A,,SAI4_D2,,FMC_A20,DCMI_D4,LCD_B0,EVENTOUT,-,94
PE5,D1,,FT_h,TRACED2,,SAI1_CK2,DFSDM1_CKIN3,TIM15_CH1,SPI4_MISO,SAI1_SCK_A,,SAI4_SCK_A,,SAI4_CK2,,FMC_A21,DCMI_D6,LCD_G0,EVENTOUT,-,94
PE6,E5,,FT_h,TRACED3,TIM1_BKIN2,SAI1_D1,,TIM15_CH2,SPI4_MOSI,SAI1_SD_A,,SAI4_SD_A,SAI4_D1,SAI2_MCLK_B,TIM1_BKIN2_COMP12,FMC_A22,DCMI_D7,LCD_G1,EVENTOUT,-,94
PE7,U9,,TT_h a,,TIM1_ETR,,DFSDM1_DATIN2,,,,UART7_RX,,,QUADSPI_BK2_IO0,,FMC_D4/FMC_DA4,,,EVENTOUT,"OPAMP2_VOU T, COMP2_INM",94
PE8,T9,,TT_h a,,TIM1_CH1N,,DFSDM1_CKIN2,,,,UART7_TX,,,QUADSPI_BK2_IO1,,FMC_D5/FMC_DA5,COMP2_OUT,,EVENTOUT,OPAMP2_VINM,94
PE9,P9,,TT_h a,,TIM1_CH1,,DFSDM1_CKOUT,,,,UART7_RTS/UART7_DE,,,QUADSPI_BK2_IO2,,FMC_D6/FMC_DA6,,,EVENTOUT,"OPAMP2_VINP, COMP2_INP",94
PE10,N9,,FT_h a,,TIM1_CH2N,,DFSDM1_DATIN4,,,,UART7_CTS,,,QUADSPI_BK2_IO3,,FMC_D7/FMC_DA7,,,EVENTOUT,COMP2_INM,94
PE11,P10,,FT_h a,,TIM1_CH2,,DFSDM1_CKIN4,,SPI4_NSS,,,,,SAI2_SD_B,,FMC_D8/FMC_DA8,,LCD_G3,EVENTOUT,COMP2_INP,94
PE12,R10,,FT_h,,TIM1_CH3N,,DFSDM1_DATIN5,,SPI4_SCK,,,,,SAI2_SCK_B,,FMC_D9/FMC_DA9,COMP1_OUT,LCD_B4,EVENTOUT,-,94
PE13,T10,,FT_h,,TIM1_CH3,,DFSDM1_CKIN5,,SPI4_MISO,,,,,SAI2_FS_B,,FMC_D10/FMC_DA10,COMP2_OUT,LCD_DE,EVENTOUT,-,94
PE14,U10,,FT_h,,TIM1_CH4,,,,SPI4_MOSI,,,,,SAI2_MCLK_B,,FMC_D11/FMC_DA11,,LCD_CLK,EVENTOUT,-,94
PE15,R11,,FT_h,,TIM1_BKIN,,,,,,,,,,,FMC_D12/FMC_DA12,TIM1_BKIN_COMP12/COMP_TIM1_BKIN,LCD_R7,EVENTOUT,-,94
PF0,G4,,FT_f,,,,,I2C2_SDA,,,,,,,,FMC_A0,,,EVENTOUT,-,95
PF1,G3,,FT_f,,,,,I2C2_SCL,,,,,,,,FMC_A1,,,EVENTOUT,-,95
PF2,G1,,FT,,,,,I2C2_SMBA,,,,,,,,FMC_A2,,,EVENTOUT,-,95
PF3,H4,,FT_h a,,,,,,,,,,,,,FMC_A3,,,EVENTOUT,ADC3_INP5,95
PF4,J5,,FT_h a,,,,,,,,,,,,,FMC_A4,,,EVENTOUT,"ADC3_INN5, ADC3_INP9",95
PF5,J4,,FT_h a,,,,,,,,,,,,,FMC_A5,,,EVENTOUT,ADC3_INP4,95
PF6,K2,,FT_h a,,TIM16_CH1,,,,SPI5_NSS,SAI1_SD_B,UART7_RX,SAI4_SD_B,QUADSPI_BK1_IO3,,,,,,EVENTOUT,"ADC3_INN4, ADC3_INP8",95
PF7,K3,,FT_h a,,TIM17_CH1,,,,SPI5_SCK,SAI1_MCLK_B,UART7_TX,SAI4_MCLK_B,QUADSPI_BK1_IO2,,,,,,EVENTOUT,ADC3_INP3,95
PF8,K4,,FT_h a,,TIM16_CH1N,,,,SPI5_MISO,SAI1_SCK_B,UART7_RTS/UART7_DE,SAI4_SCK_B,TIM13_CH1,QUADSPI_BK1_IO0,,,,,EVENTOUT,"ADC3_INN3, ADC3_INP7",95
PF9,L4,,FT_h a,,TIM17_CH1N,,,,SPI5_MOSI,SAI1_FS_B,UART7_CTS,SAI4_FS_B,TIM14_CH1,QUADSPI_BK1_IO1,,,,,EVENTOUT,ADC3_INP2,95
PF10,L3,,FT_h a,,TIM16_BKIN,SAI1_D3,,,,,,,QUADSPI_CLK,SAI4_D3,,,DCMI_D11,LCD_DE,EVENTOUT,"ADC3_INN2, ADC3_INP6",95
PF11,T7,,FT_a,,,,,,SPI5_MOSI,,,,,SAI2_SD_B,,FMC_SDNRAS,DCMI_D12,,EVENTOUT,ADC1_INP2,95
PF12,R7,,FT_h a,,,,,,,,,,,,,FMC_A6,,,EVENTOUT,"ADC1_INN2, ADC1_INP6",95
PF13,P7,,FT_h a,,,,DFSDM1_DATIN6,I2C4_SMBA,,,,,,,,FMC_A7,,,EVENTOUT,ADC2_INP2,95
PF14,P8,,FT_fh a,,,,DFSDM1_CKIN6,I2C4_SCL,,,,,,,,FMC_A8,,,EVENTOUT,"ADC2_INN2, ADC2_INP6",95
PF15,R9,,FT_fh,,,,,I2C4_SDA,,,,,,,,FMC_A9,,,EVENTOUT,-,95
PG0,T8,,FT_h,,,,,,,,,,,,,FMC_A10,,,EVENTOUT,-,96
PG1,U8,,TT_h,,,,,,,,,,,,,FMC_A11,,,EVENTOUT,OPAMP2_VINM,96
PG2,H16,,FT_h,,,,TIM8_BKIN,,,,,,,,TIM8_BKIN_COMP12,FMC_A12,,,EVENTOUT,-,96
PG3,H15,,FT_h,,,,TIM8_BKIN2,,,,,,,,TIM8_BKIN2_COMP12,FMC_A13,,,EVENTOUT,-,96
PG4,H14,,FT_h,,TIM1_BKIN2,,,,,,,,,,TIM1_BKIN2_COMP12,FMC_A14/FMC_BA0,,,EVENTOUT,-,96
PG5,G14,,FT_h,,TIM1_ETR,,,,,,,,,,,FMC_A15/FMC_BA1,,,EVENTOUT,-,96
PG6,G15,,FT_h,,TIM17_BKIN,HRTIM_CHE1,,,,,,,,QUADSPI_BK1_NCS,,FMC_NE3,DCMI_D12,LCD_R7,EVENTOUT,-,96
PG7,F16,,FT_h,,,HRTIM_CHE2,,,,SAI1_MCLK_A,USART6_CK,,,,,FMC_INT,DCMI_D13,LCD_CLK,EVENTOUT,-,96
PG8,F15,,FT_h,,,,TIM8_ETR,,SPI6_NSS,,USART6_RTS/USART6_DE,SPDIFRX1_IN3,,,ETH_PPS_OUT,FMC_SDCLK,,LCD_G7,EVENTOUT,-,96
PG9,A10,,FT_h,,,,,,SPI1_MISO/I2S1_SDI,,USART6_RX,SPDIFRX1_IN4,QUADSPI_BK2_IO2,SAI2_FS_B,,FMC_NE2/FMC_NCE,DCMI_VSYNC,,EVENTOUT,-,96
PG10,A9,,FT_h,,,HRTIM_FLT5,,,SPI1_NSS/I2S1_WS,,,,LCD_G3,SAI2_SD_B,,FMC_NE3,DCMI_D2,LCD_B2,EVENTOUT,-,96
PG11,B9,,FT_h,,LPTIM1_IN2,HRTIM_EEV4,,,SPI1_SCK/I2S1_CK,,,SPDIFRX1_IN1,,SDMMC2_D2,ETH_MII_TX_EN/ETH_RMII_TX_EN,,DCMI_D3,LCD_B3,EVENTOUT,-,96
PG12,C9,,FT_h,,LPTIM1_IN1,HRTIM_EEV5,,,SPI6_MISO,,USART6_RTS/USART6_DE,SPDIFRX1_IN2,LCD_B4,,ETH_MII_TXD1/ETH_RMII_TXD1,FMC_NE4,,LCD_B1,EVENTOUT,-,97
PG13,D9,,FT_h,TRACED0,LPTIM1_OUT,HRTIM_EEV10,,,SPI6_SCK,,USART6_CTS/USART6_NSS,,,,ETH_MII_TXD0/ETH_RMII_TXD0,FMC_A24,,LCD_R0,EVENTOUT,-,97
PG14,D8,,FT_h,TRACED1,LPTIM1_ETR,,,,SPI6_MOSI,,USART6_TX,,QUADSPI_BK2_IO3,,ETH_MII_TXD1/ETH_RMII_TXD1,FMC_A25,,LCD_B0,EVENTOUT,-,97
PG15,D6,,FT_h,,,,,,,,USART6_CTS/USART6_NSS,,,,,FMC_SDNCAS,DCMI_D13,,EVENTOUT,-,97
PH0,J2,,FT,,,,,,,,,,,,,,,,EVENTOUT,OSC_IN,97
PH1,J1,,FT,,,,,,,,,,,,,,,,EVENTOUT,OSC_OUT,97
PH2,N2,,FT_h a,,LPTIM1_IN2,,,,,,,,QUADSPI_BK2_IO0,SAI2_SCK_B,ETH_MII_CRS,FMC_SDCKE0,,LCD_R0,EVENTOUT,ADC3_INP13,97
PH3,P2,,FT_h a,,,,,,,,,,QUADSPI_BK2_IO1,SAI2_MCLK_B,ETH_MII_COL,FMC_SDNE0,,LCD_R1,EVENTOUT,"ADC3_INN13, ADC3_INP14",97
PH4,P3,,FT_fa,,,,,I2C2_SCL,,,,,LCD_G5,OTG_HS_ULPI_NXT,,,,LCD_G4,EVENTOUT,"ADC3_INN14, ADC3_INP15",97
PH5,P4,,FT_fa,,,,,I2C2_SDA,SPI5_NSS,,,,,,,FMC_SDNWE,,,EVENTOUT,"ADC3_INN15, ADC3_INP16",97
PH6,T11,,FT,,,TIM12_CH1,,I2C2_SMBA,SPI5_SCK,,,,,,ETH_MII_RXD2,FMC_SDNE1,DCMI_D8,,EVENTOUT,-,97
PH7,U13,,FT_fa,,,,,I2C3_SCL,SPI5_MISO,,,,,,ETH_MII_RXD3,FMC_SDCKE1,DCMI_D9,,EVENTOUT,-,97
PH8,T13,,FT_fh a,,,TIM5_ETR,,I2C3_SDA,,,,,,,,FMC_D16,DCMI_HSYNC,LCD_R2,EVENTOUT,-,97
PH9,R13,,FT_h,,,TIM12_CH2,,I2C3_SMBA,,,,,,,,FMC_D17,DCMI_D0,LCD_R3,EVENTOUT,-,97
PH10,P13,,FT_h,,,TIM5_CH1,,I2C4_SMBA,,,,,,,,FMC_D18,DCMI_D1,LCD_R4,EVENTOUT,-,98
PH11,P14,,FT_fh,,,TIM5_CH2,,I2C4_SCL,,,,,,,,FMC_D19,DCMI_D2,LCD_R5,EVENTOUT,-,98
PH12,R14,,FT_fh,,,TIM5_CH3,,I2C4_SDA,,,,,,,,FMC_D20,DCMI_D3,LCD_R6,EVENTOUT,-,98
PH13,D16,,FT_h,,,,TIM8_CH1N,,,,,UART4_TX,FDCAN1_TX,,,FMC_D21,,LCD_G2,EVENTOUT,-,98
PH14,B17,,FT_h,,,,TIM8_CH2N,,,,,UART4_RX,FDCAN1_RX,,,FMC_D22,DCMI_D4,LCD_G3,EVENTOUT,-,98
PH15,B16,,FT_h,,,,TIM8_CH3N,,,,,,,,,FMC_D23,DCMI_D11,LCD_G4,EVENTOUT,-,98
PI0,A16,,FT_h,,,TIM5_CH4,,,SPI2_NSS/I2S2_WS,,,,,,,FMC_D24,DCMI_D13,LCD_G5,EVENTOUT,-,98
PI1,A15,,FT_h,,,,TIM8_BKIN2,,SPI2_SCK/I2S2_CK,,,,,,TIM8_BKIN2_COMP12,FMC_D25,DCMI_D8,LCD_G6,EVENTOUT,-,98
PI2,B15,,FT_h,,,,TIM8_CH4,,SPI2_MISO/I2S2_SDI,,,,,,,FMC_D26,DCMI_D9,LCD_G7,EVENTOUT,-,98
PI3,C14,,FT_h,,,,TIM8_ETR,,SPI2_MOSI/I2S2_SDO,,,,,,,FMC_D27,DCMI_D10,,EVENTOUT,-,98
PI4,A4,,FT_h,,,,TIM8_BKIN,,,,,,,SAI2_MCLK_A,TIM8_BKIN_COMP12,FMC_NBL2,DCMI_D5,LCD_B4,EVENTOUT,-,98
PI5,A3,,FT_h,,,,TIM8_CH1,,,,,,,SAI2_SCK_A,,FMC_NBL3,DCMI_VSYNC,LCD_B5,EVENTOUT,-,98
PI6,A2,,FT_h,,,,TIM8_CH2,,,,,,,SAI2_SD_A,,FMC_D28,DCMI_D6,LCD_B6,EVENTOUT,-,98
PI7,B3,,FT_h,,,,TIM8_CH3,,,,,,,SAI2_FS_A,,FMC_D29,DCMI_D7,LCD_B7,EVENTOUT,-,98
PI8,E4,,FT,,,,,,,,,,,,,,,,EVENTOUT,RTC_TAMP2/W KUP3,98
PI9,E2,,FT_h,,,,,,,,,UART4_RX,FDCAN1_RX,,,FMC_D30,,LCD_VSYNC,EVENTOUT,-,99
PI10,F3,,FT_h,,,,,,,,,,,,ETH_MII_RX_ER,FMC_D31,,LCD_HSYNC,EVENTOUT,-,99
PI11,F4,,FT,,,,,,,,,,LCD_G6,OTG_HS_ULPI_DIR,,,,,EVENTOUT,WKUP5,99
PI12,H1,,FT,,,,,,,,,,,,ETH_TX_ER,,,LCD_HSYNC,EVENTOUT,-,99
PI13,H2,,FT,,,,,,,,,,,,,,,LCD_VSYNC,EVENTOUT,-,99
PI14,H3,,FT_h,,,,,,,,,,,,,,,LCD_CLK,EVENTOUT,-,99
PI15,P5,,FT,,,,,,,,,,LCD_G2,,,,,LCD_R0,EVENTOUT,-,99
PJ0,N6,,FT,,,,,,,,,,LCD_R7,,,,,LCD_R1,EVENTOUT,-,99
PJ1,P6,,FT,,,,,,,,,,,,,,,LCD_R2,EVENTOUT,-,99
PJ2,T6,,FT,,,,,,,,,,,,,,,LCD_R3,EVENTOUT,-,99
PJ3,U6,,FT,,,,,,,,,,,,,,,LCD_R4,EVENTOUT,-,99
PJ4,U7,,FT,,,,,,,,,,,,,,,LCD_R5,EVENTOUT,-,99
PJ5,R12,,FT,,,,,,,,,,,,,,,LCD_R6,EVENTOUT,-,99
PJ6,N15,,FT,,,,TIM8_CH2,,,,,,,,,,,LCD_R7,EVENTOUT,-,99
PJ7,N14,,FT,TRGIN,,,TIM8_CH2N,,,,,,,,,,,LCD_G0,EVENTOUT,-,99
PJ8,N13,,FT,,TIM1_CH3N,,TIM8_CH1,,,,,UART8_TX,,,,,,LCD_G1,EVENTOUT,-,99
PJ9,M14,,FT,,TIM1_CH3,,TIM8_CH1N,,,,,UART8_RX,,,,,,LCD_G2,EVENTOUT,-,100
PJ10,L14,,FT,,TIM1_CH2N,,TIM8_CH2,,SPI5_MOSI,,,,,,,,,LCD_G3,EVENTOUT,-,100
PJ11,K14,,FT,,TIM1_CH2,,TIM8_CH2N,,SPI5_MISO,,,,,,,,,LCD_G4,EVENTOUT,-,100
PJ12,D11,,FT,TRGOUT,,,,,,,,,LCD_G3,,,,,LCD_B0,EVENTOUT,-,100
PJ13,E10,,FT,,,,,,,,,,LCD_B4,,,,,LCD_B1,EVENTOUT,-,100
PJ14,D10,,FT,,,,,,,,,,,,,,,LCD_B2,EVENTOUT,-,100
PJ15,B10,,FT,,,,,,,,,,,,,,,LCD_B3,EVENTOUT,-,100
PK0,J14,,FT,,TIM1_CH1N,,TIM8_CH3,,SPI5_SCK,,,,,,,,,LCD_G5,EVENTOUT,-,100
PK1,J15,,FT,,TIM1_CH1,,TIM8_CH3N,,SPI5_NSS,,,,,,,,,LCD_G6,EVENTOUT,-,100
PK2,H17,,FT,,TIM1_BKIN,,TIM8_BKIN,,,,,,,TIM8_BKIN_COMP12,TIM1_BKIN_COMP12,,,LCD_G7,EVENTOUT,-,100
PK3,C8,,FT,,,,,,,,,,,,,,,LCD_B4,EVENTOUT,-,100
PK4,B8,,FT,,,,,,,,,,,,,,,LCD_B5,EVENTOUT,-,100
PK5,A8,,FT,,,,,,,,,,,,,,,LCD_B6,EVENTOUT,-,100
PK6,C7,,FT,,,,,,,,,,,,,,,LCD_B7,EVENTOUT,-,100
PK7,D7,,FT,,,,,,,,,,,,,,,LCD_DE,EVENTOUT,-,100
